"Horodateur","1.Tâche
Objectifs :
Critères d'évaluation :","2.Tâche 
Objectifs :
Critères d'évaluation :","Préparation :
Exécution des Tâches :
Documentation :","Format :
Contenu :","Résumé des Observations :
Recommandations :","Évaluation Globale :
Plan d'Action :"
"2024/04/23 11:54:22 AM UTC−4","Objectif: Évaluer l'intuitivité et l'accessibilité de la page d'accueil, en particulier la facilité d'accès aux inscriptions et aux connexions.
Critères d'évaluation: Nouveaux visiteurs âgés de 18 et plus, ayant une expérience limitée avec les sites de rencontre.","objectif: Vérifier la facilité d'inscription pour un nouvel utilisateur.
Critères d'évaluation: Visibilité du formulaire de connexion, temps de réponse après la soumission, clarté des messages d'erreur.
","Préparation : Configuration de scénarios pour nouveaux utilisateurs et utilisateurs existants.
Exécution des Tâches : Simulations d'inscription et de connexion en temps réel.
Documentation : Capture d'écran et notes détaillées durant les tests.","Format : Tableau des issues.
Contenu : Description, impact sur l'expérience utilisateur, suggestions d'amélioration.","Résumé des Observations : Les utilisateurs trouvent le formulaire d'inscription long et complexe.
Recommandations : Simplifier le formulaire d'inscription, réduire le nombre de champs obligatoires.","Évaluation Globale : La page nécessite des améliorations pour accroître l'efficacité et réduire la frustration des utilisateurs.
Plan d'Action : Planifier une mise à jour de l'interface pour le prochain cycle de développement."
"2024/04/23 11:58:48 AM UTC−4","Objectifs : Simplifier la modification des informations personnelles.
Critères d'évaluation : Nombre de clics nécessaires, intuitivité de l'interface.","Objectifs : Faciliter le processus d'ajout de photos au profil.
Critères d'évaluation : Clarté des instructions, facilité d'accès.","Préparation : Analyse préliminaire des feedbacks utilisateurs et révision des standards d'interaction.
Exécution des Tâches : Tests pratiques en conditions contrôlées, utilisation de scénarios pré-définis.
Documentation : Capture d'écran, notes détaillées sur les problèmes rencontrés.","Format : Liste annotée avec des captures d'écran.
Contenu : Détails des étapes problématiques, descriptions des confusions ou erreurs utilisateurs.","Résumé des Observations : La complexité des interactions sur la page de profil entraîne des frustrations.
Recommandations : Redésigné de l'interface pour un accès plus direct aux fonctionnalités d'édition.","Évaluation Globale : L'interface nécessite des améliorations significatives pour améliorer l'expérience utilisateur.
Plan d'Action : Proposition d'un calendrier pour la refonte, tests utilisateurs supplémentaires pour validation."
"2024/04/23 12:00:20 PM UTC−4","Objectifs : Assurer que les filtres sont compréhensibles et faciles à utiliser.
Critères d'évaluation : Compréhension des options disponibles, facilité d'application des filtres.","Objectifs : Garantir que les résultats sont présentés de manière claire et utile.
Critères d'évaluation : Pertinence des résultats, clarté de la présentation des profils.","Préparation : Révision des algorithmes de recherche, collecte de données sur les comportements utilisateurs.
Exécution des Tâches : Simulation de recherches par des utilisateurs cibles, avec suivi en temps réel.
Documentation : Enregistrements vidéo, notes des sessions.","Format : Tableau détaillé avec références spécifiques aux éléments d'interface.
Contenu : Identification des failles dans l'algorithme de recherche, problèmes de filtrage.","Résumé des Observations : Les utilisateurs peinent à ajuster les filtres pour obtenir des résultats pertinents.
Recommandations : Amélioration de l'interface des filtres, ajustement des algorithmes pour augmenter la pertinence.","Évaluation Globale : Des améliorations sont nécessaires pour optimiser l'efficacité de la recherche.
Plan d'Action : Développement d'un nouveau prototype de filtres, tests utilisateurs pour évaluer les ajustements."
"2024/04/23 12:03:35 PM UTC−4","Objectifs : Assurer un accès rapide et intuitif aux paramètres du profil.
Critères d'évaluation : Nombre de clics nécessaires, facilité de localisation de cette option dans l'interface.","Objectifs : Permettre un retour facile et direct à la page d'accueil à tout moment.
Critères d'évaluation : Visibilité du bouton de retour, temps moyen pour revenir à la page d'accueil","Préparation : Analyse des données d'usage de l'interface, création de scénarios de navigation.
Exécution des Tâches : Tests en direct avec des utilisateurs sélectionnés, suivi par l'observation de leur interaction avec l'interface.
Documentation : Enregistrement des sessions, notes détaillées sur les interactions.","Format : Tableau synthétique des problèmes identifiés.
Contenu : Problèmes liés à la visibilité des éléments, erreurs de navigation, confusion des utilisateurs.","Résumé des Observations : Les utilisateurs trouvent difficile de localiser les paramètres du profil.
Recommandations : Redésigné de la barre de navigation pour inclure un accès direct aux paramètres.","Évaluation Globale : La navigation nécessite des améliorations pour une expérience utilisateur plus fluide.
Plan d'Action : Planifier une mise à jour de l'interface dans les 6 prochains mois, suivie de tests d'usabilité pour évaluer les changements."